{
  "mask_0.25": {
    "loss": 1.8347305059432983,
    "mask_ratio": 0.25,
    "mean_error": 0.37865108251571655,
    "max_error": 1.0
  },
  "mask_0.5": {
    "loss": 1.8216917514801025,
    "mask_ratio": 0.5,
    "mean_error": 0.3789944052696228,
    "max_error": 1.0
  },
  "mask_0.75": {
    "loss": 1.8044873476028442,
    "mask_ratio": 0.75,
    "mean_error": 0.37919923663139343,
    "max_error": 1.0
  },
  "mask_0.9": {
    "loss": 1.790377140045166,
    "mask_ratio": 0.9,
    "mean_error": 0.37913528084754944,
    "max_error": 1.0
  }
}