{
  "total_epochs": 2,
  "initial_loss": 1.6904819319325108,
  "final_loss": 1.3080234239178319,
  "loss_reduction": 22.624229268008992,
  "max_lr": 1.057236786066721e-05,
  "min_lr": 8.194588969823102e-06
}