{
  "mask_0.25": {
    "loss": 1.7583547830581665,
    "mask_ratio": 0.25,
    "mean_error": 0.3843129575252533,
    "max_error": 1.0
  },
  "mask_0.5": {
    "loss": 1.7251418828964233,
    "mask_ratio": 0.5,
    "mean_error": 0.3840430676937103,
    "max_error": 1.0
  },
  "mask_0.75": {
    "loss": 1.7102530002593994,
    "mask_ratio": 0.75,
    "mean_error": 0.38333332538604736,
    "max_error": 1.0
  },
  "mask_0.9": {
    "loss": 1.695336937904358,
    "mask_ratio": 0.9,
    "mean_error": 0.3824048638343811,
    "max_error": 1.0
  }
}